{
  "kfold_results": {
    "RandomForest": {
      "acc_mean": 0.8255144032921811,
      "acc_std": 0.0052700611007677894,
      "f1_mean": 0.8248013273716033,
      "auc_mean": 0.9659030635573845
    },
    "GBDT": {
      "acc_mean": 0.8139917695473251,
      "acc_std": 0.014700058518100204,
      "f1_mean": 0.8155115905715192,
      "auc_mean": 0.9667042625616015
    },
    "MLP": {
      "acc_mean": 0.4242798353909466,
      "acc_std": 0.02289042631304259,
      "f1_mean": 0.4062261479974397,
      "auc_mean": 0.801231519585429
    }
  },
  "loso_results": {
    "RandomForest": {
      "acc_mean": 0.8267489711934156,
      "acc_std": 0.006159106809504437,
      "f1_mean": 0.8272751331730489,
      "auc_mean": 0.9645048010973936
    },
    "GBDT": {
      "acc_mean": 0.8020576131687243,
      "acc_std": 0.010872300258125857,
      "f1_mean": 0.8036724810804974,
      "auc_mean": 0.964041457094955
    },
    "MLP": {
      "acc_mean": 0.3938271604938272,
      "acc_std": 0.02684061540595939,
      "f1_mean": 0.3785115549656067,
      "auc_mean": 0.7803279987806736
    }
  },
  "bias_analysis": {
    "RandomForest": {
      "kfold_acc": 0.8255144032921811,
      "loso_acc": 0.8267489711934156,
      "bias": -0.0012345679012345512,
      "bias_pct": -0.14932802389248181
    },
    "GBDT": {
      "kfold_acc": 0.8139917695473251,
      "loso_acc": 0.8020576131687243,
      "bias": 0.011934156378600846,
      "bias_pct": 1.487942534633148
    },
    "MLP": {
      "kfold_acc": 0.4242798353909466,
      "loso_acc": 0.3938271604938272,
      "bias": 0.03045267489711939,
      "bias_pct": 7.732497387669814
    }
  },
  "bootstrap_ci": {
    "RandomForest": {
      "acc_ci": [
        0.8185185185185185,
        0.8333333333333334
      ],
      "f1_ci": [
        0.8190518788091486,
        0.8335073685360456
      ],
      "auc_ci": [
        0.962633744855967,
        0.9656963877457704
      ]
    },
    "GBDT": {
      "acc_ci": [
        0.7925925925925926,
        0.817283950617284
      ],
      "f1_ci": [
        0.7953273577202608,
        0.8190061529197604
      ],
      "auc_ci": [
        0.9588257887517146,
        0.9686328303612255
      ]
    },
    "MLP": {
      "acc_ci": [
        0.362962962962963,
        0.4283950617283951
      ],
      "f1_ci": [
        0.3476027965201673,
        0.4120198497561012
      ],
      "auc_ci": [
        0.7640566986739826,
        0.804376771833562
      ]
    }
  },
  "bootstrap_632": {
    "RandomForest": {
      "error_632": 0.17268375401407027,
      "std": 0.012065553114449405
    },
    "GBDT": {
      "error_632": 0.1860082304526749,
      "std": 0.014700058518100204
    },
    "MLP": {
      "error_632": 0.6012606359642803,
      "std": 0.015976502395334904
    }
  },
  "mcnemar_tests": {
    "RandomForest_vs_GBDT": {
      "table": [
        [
          350,
          36
        ],
        [
          51,
          49
        ]
      ],
      "p_value": 0.13336654179268173,
      "significant": false
    },
    "RandomForest_vs_MLP": {
      "table": [
        [
          187,
          13
        ],
        [
          214,
          72
        ]
      ],
      "p_value": 3.255827553375127e-40,
      "significant": true
    },
    "GBDT_vs_MLP": {
      "table": [
        [
          189,
          11
        ],
        [
          197,
          89
        ]
      ],
      "p_value": 1.1510193512763845e-37,
      "significant": true
    }
  },
  "calibration_gain": {
    "uncalibrated": 0.8267489711934156,
    "calibrated": 0.8415637860082305,
    "gain": 0.014814814814814836
  }
}